run_id,planner,objective,initial_cost,cost,time,path,validity_time,setup_time,solve_time
0,rrtstar,PathLength,4.335866279993083,4.335866279993083,17.52234387397766,"[[0.6291796587663371, -0.019316974226201426, 0.034181329349959697, -1.9436012222141201, 0.43125168091770977, 1.938873926282423, -1.4136313279050623], [0.6172243787009052, 0.015366737487957804, 0.16298267653905374, -1.8909696589990317, 0.41542508903520803, 1.9889098964816692, -1.2616313857988302], [0.6052690986354732, 0.050050449202117035, 0.2917840237281478, -1.8383380957839435, 0.3995984971527063, 2.038945866680915, -1.1096314436925978], [0.5933138185700413, 0.08473416091627628, 0.4205853709172419, -1.785706532568855, 0.38377190527020455, 2.088981836880161, -0.9576315015863656], [0.5813585385046093, 0.11941787263043549, 0.5493867181063359, -1.7330749693537668, 0.3679453133877028, 2.1390178070794073, -0.8056315594801333], [0.5694032584391774, 0.15410158434459473, 0.67818806529543, -1.6804434061386784, 0.35211872150520107, 2.1890537772786534, -0.6536316173739011], [0.5574479783737454, 0.18878529605875397, 0.806989412484524, -1.62781184292359, 0.33629212962269933, 2.2390897474778995, -0.5016316752676688], [0.5454926983083135, 0.2234690077729132, 0.9357907596736181, -1.5751802797085017, 0.3204655377401976, 2.2891257176771456, -0.3496317331614365], [0.5335374182428816, 0.2581527194870724, 1.0645921068627122, -1.5225487164934135, 0.30463894585769585, 2.3391616878763912, -0.19763179105520434], [0.5215821381774496, 0.29283643120123165, 1.1933934540518063, -1.469917153278325, 0.2888123539751941, 2.3891976580756373, -0.04563184894897221], [0.5096268581120177, 0.3275201429153909, 1.3221948012409004, -1.4172855900632366, 0.2729857620926923, 2.4392336282748834, 0.10636809315726015], [0.49767157804658574, 0.3622038546295501, 1.4509961484299945, -1.3646540268481484, 0.25715917021019064, 2.4892695984741295, 0.2583680352634923], [0.4857162979811538, 0.39688756634370936, 1.5797974956190886, -1.31202246363306, 0.24133257832768887, 2.5393055686733756, 0.41036797736972463], [0.5164455848666895, 0.39923733977262105, 1.4703889098300207, -1.4629751869118217, 0.12344747349051649, 2.5455932213693995, 0.5226262547379857], [0.5471748717522252, 0.4015871132015327, 1.3609803240409528, -1.6139279101905832, 0.005562368653344113, 2.5518808740654233, 0.6348845321062468], [0.5779041586377609, 0.40393688663044436, 1.251571738251885, -1.764880633469345, -0.11232273618382829, 2.558168526761447, 0.7471428094745078], [0.6086334455232966, 0.40628666005935604, 1.142163152462817, -1.9158333567481067, -0.23020784102100064, 2.5644561794574705, 0.859401086842769], [0.6393627324088322, 0.4086364334882677, 1.0327545666737494, -2.0667860800268683, -0.3480929458581731, 2.5707438321534943, 0.97165936421103], [0.670092019294368, 0.41098620691717935, 0.9233459808846814, -2.21773880330563, -0.4659780506953455, 2.577031484849518, 1.083917641579291], [0.7008213061799037, 0.41333598034609104, 0.8139373950956136, -2.3686915265843917, -0.5838631555325179, 2.583319137545542, 1.1961759189475523]]",298.6358914375305,4.860238552093506,96.48074388504028
1,rrtstar,PathLength,4.693511883485187,4.693511883485187,190.38894867897034,"[[0.6291796587663371, -0.019316974226201426, 0.034181329349959697, -1.9436012222141201, 0.43125168091770977, 1.938873926282423, -1.4136313279050623], [0.6965686030738603, -0.07136964880484656, 0.15309685635206977, -1.8993078202250993, 0.42091308022111196, 1.9256878402508277, -1.2353605386234288], [0.7639575473813834, -0.12342232338349168, 0.2720123833541798, -1.8550144182360786, 0.41057447952451415, 1.9125017542192324, -1.0570897493417952], [0.8313464916889066, -0.17547499796213678, 0.3909279103562899, -1.8107210162470577, 0.40023587882791634, 1.899315668187637, -0.8788189600601619], [0.8987354359964298, -0.22752767254078193, 0.5098434373583999, -1.7664276142580368, 0.38989727813131847, 1.8861295821560418, -0.7005481707785284], [0.966124380303953, -0.27958034711942703, 0.6287589643605099, -1.7221342122690162, 0.37955867743472066, 1.8729434961244464, -0.522277381496895], [1.033513324611476, -0.33163302169807213, 0.74767449136262, -1.6778408102799953, 0.36922007673812285, 1.8597574100928511, -0.34400659221526153], [1.1009022689189993, -0.3836856962767173, 0.86659001836473, -1.6335474082909744, 0.35888147604152504, 1.8465713240612558, -0.165735802933628], [1.1682912132265226, -0.43573837085536243, 0.9855055453668401, -1.5892540063019538, 0.3485428753449272, 1.8333852380296605, 0.012534986348005539], [1.2356801575340457, -0.4877910454340076, 1.1044210723689503, -1.544960604312933, 0.33820427464832936, 1.8201991519980651, 0.19080577562963907], [1.3030691018415688, -0.5398437200126526, 1.2233365993710603, -1.5006672023239123, 0.32786567395173155, 1.8070130659664698, 0.3690765649112724], [1.370458046149092, -0.5918963945912977, 1.3422521263731704, -1.4563738003348914, 0.31752707325513374, 1.7938269799348745, 0.5473473541929059], [1.2867534536529435, -0.4662423477241241, 1.2762127849634757, -1.570413516116079, 0.2048532946566773, 1.8925134996362079, 0.6284509247872367], [1.2030488611567949, -0.3405883008569505, 1.2101734435537812, -1.6844532318972665, 0.09217951605822083, 1.9912000193375414, 0.7095544953815676], [1.1193442686606465, -0.21493425398977695, 1.1441341021440865, -1.798492947678454, -0.02049426254023562, 2.089886539038875, 0.7906580659758983], [1.035639676164498, -0.08928020712260332, 1.078094760734392, -1.9125326634596416, -0.13316804113869207, 2.188573058740208, 0.8717616365702291], [0.9519350836683493, 0.03637383974457031, 1.0120554193246973, -2.0265723792408292, -0.24584181973714847, 2.2872595784415415, 0.9528652071645599], [0.8682304911722007, 0.16202788661174383, 0.9460160779150028, -2.140612095022017, -0.358515598335605, 2.385946098142875, 1.0339687777588906], [0.7845258986760523, 0.28768193347891746, 0.8799767365053082, -2.254651810803204, -0.4711893769340615, 2.4846326178442086, 1.1150723483532214], [0.7008213061799037, 0.41333598034609104, 0.8139373950956136, -2.3686915265843917, -0.5838631555325179, 2.583319137545542, 1.1961759189475523]]",491.7063002586365,5.282904863357544,98.86972904205322
2,rrtstar,PathLength,,,,,700.407722234726,5.69845986366272,102.88264966011047
3,rrtstar,PathLength,5.319340933815012,5.319340933815012,98.67848420143127,"[[0.6291796587663371, -0.019316974226201426, 0.034181329349959697, -1.9436012222141201, 0.43125168091770977, 1.938873926282423, -1.4136313279050623], [0.781157699799572, -0.09913648183728258, 0.18142317254424678, -1.9438100619299017, 0.4289901486889357, 1.9947693630370409, -1.3006100824477838], [0.9331357408328069, -0.17895598944836372, 0.3286650157385339, -1.9440189016456833, 0.4267286164601617, 2.0506647997916585, -1.1875888369905052], [1.0851137818660417, -0.2587754970594448, 0.4759068589328209, -1.9442277413614648, 0.4244670842313876, 2.1065602365462763, -1.0745675915332267], [1.2370918228992767, -0.338595004670526, 0.623148702127108, -1.9444365810772464, 0.4222055520026136, 2.162455673300894, -0.961546346075948], [1.3890698639325114, -0.4184145122816071, 0.7703905453213951, -1.944645420793028, 0.41994401977383955, 2.218351110055512, -0.8485251006186695], [1.5410479049657464, -0.4982340198926882, 0.9176323885156821, -1.9448542605088093, 0.4176824875450655, 2.27424654681013, -0.7355038551613909], [1.6930259459989814, -0.5780535275037693, 1.0648742317099693, -1.9450631002245908, 0.4154209553162915, 2.330141983564747, -0.6224826097041124], [1.8450039870322161, -0.6578730351148505, 1.2121160749042565, -1.9452719399403724, 0.4131594230875174, 2.386037420319365, -0.5094613642468337], [1.9969820280654513, -0.7376925427259315, 1.3593579180985436, -1.945480779656154, 0.4108978908587434, 2.441932857073983, -0.3964401187895552], [2.148960069098686, -0.8175120503370127, 1.5065997612928306, -1.9456896193719355, 0.40863635862996933, 2.4978282938286007, -0.28341887333227667], [1.977256805219999, -0.6715725660703408, 1.4244720038655772, -1.9958442108759278, 0.29095743838876875, 2.5079647926737496, -0.10798592342607835], [1.8055535413413117, -0.5256330818036689, 1.3423442464383237, -2.0459988023799203, 0.17327851814756812, 2.5181012915188985, 0.06744702648011996], [1.6338502774626247, -0.37969359753699694, 1.2602164890110703, -2.0961533938839123, 0.05559959790636754, 2.5282377903640474, 0.2428799763863183], [1.4621470135839374, -0.23375411327032503, 1.1780887315838169, -2.146307985387905, -0.0620793223348331, 2.5383742892091963, 0.4183129262925166], [1.2904437497052503, -0.08781462900365311, 1.0959609741565637, -2.196462576891897, -0.17975824257603373, 2.548510788054345, 0.5937458761987149], [1.1187404858265633, 0.058124855263018804, 1.0138332167293103, -2.2466171683958893, -0.29743716281723426, 2.558647286899494, 0.7691788261049133], [0.947037221947876, 0.20406433952969072, 0.9317054593020568, -2.2967717598998814, -0.4151160830584349, 2.568783785744643, 0.9446117760111115], [0.7753339580691889, 0.35000382379636263, 0.8495777018748034, -2.346926351403874, -0.5327950032996356, 2.578920284589792, 1.1200447259173099], [0.7008213061799037, 0.41333598034609104, 0.8139373950956136, -2.3686915265843917, -0.5838631555325179, 2.583319137545542, 1.1961759189475523]]",803.2036349773407,6.0988609790802,106.68170094490051
4,rrtstar,PathLength,17.652065523324087,17.652065523324087,61.41925573348999,"[[0.6291796587663371, -0.019316974226201426, 0.034181329349959697, -1.9436012222141201, 0.43125168091770977, 1.938873926282423, -1.4136313279050623], [0.23031159515284538, 0.007844334949770462, -0.10109771079109776, -1.8987005217259372, -0.08320418790862455, 1.6915142334923183, -0.9247351410333273], [-0.1685564684606463, 0.03500564412574235, -0.2363767509321552, -1.8537998212377542, -0.5976600567349588, 1.4441545407022138, -0.43583895416159235], [-0.5674245320741381, 0.06216695330171424, -0.3716557910732127, -1.8088991207495713, -1.1121159255612934, 1.196794847912109, 0.05305723271014262], [-0.7687625572540989, -0.07853942714757836, -0.39937749562545577, -1.3259604256705566, -0.6155733064112251, 1.2238017307556204, -0.07050787087112005], [-0.9701005824340598, -0.21924580759687096, -0.4270992001776988, -0.8430217305915418, -0.11903068726115684, 1.2508086135991314, -0.19407297445238272], [-1.1714386076140206, -0.3599521880461636, -0.45482090472994186, -0.36008303551252707, 0.3775119318889115, 1.2778154964426427, -0.3176380780336454], [-1.3673502435628175, -0.07366557397618767, 0.11085541524414655, -0.3710868690318394, 0.4942848350541399, 1.4013174139803641, 0.20741457479374192], [-1.5632618795116142, 0.21262104009378824, 0.676531735218235, -0.38209070255115174, 0.6110577382193683, 1.5248193315180856, 0.7324672276211293], [-1.7591735154604111, 0.49890765416376415, 1.2422080551923236, -0.3930945360704641, 0.7278306413845967, 1.648321249055807, 1.2575198804485168], [-1.033548071890748, 0.3188665661513697, 1.4951672919320165, -0.3273827245247922, 0.39751073673949183, 1.7165327870680493, 1.320793507955517], [-0.30792262832108475, 0.13882547813897528, 1.7481265286717096, -0.26167091297912043, 0.06719083209438692, 1.7847443250802915, 1.3840671354625171], [0.41770281524857844, -0.04121560987341921, 2.0010857654114025, -0.1959591014334486, -0.26312907255071805, 1.8529558630925338, 1.4473407629695174], [1.0106370080541551, -0.4503222019692949, 1.8977093899927995, -0.5608598328072805, -0.38491022971214184, 1.727130984916138, 1.2202280795638725], [1.6035712008597318, -0.8594287940651706, 1.7943330145741963, -0.9257605641811123, -0.5066913868735656, 1.601306106739742, 0.9931153961582273], [2.1965053936653085, -1.2685353861610462, 1.6909566391555932, -1.2906612955549441, -0.6284725440349894, 1.4754812285633463, 0.7660027127525822], [2.1520386902096966, -0.7294104741429323, 1.325625848622201, -1.2406697713907315, -1.0850755392832219, 1.7809615603261428, 0.6450983092793757], [2.1075719867540843, -0.19028556212481829, 0.9602950580888087, -1.1906782472265192, -1.5416785345314543, 2.0864418920889394, 0.5241939058061691], [2.0631052832984724, 0.3488393498932958, 0.5949642675554163, -1.1406867230623066, -1.998281529779687, 2.3919222238517364, 0.40328950233296257], [0.7008213061799037, 0.41333598034609104, 0.8139373950956136, -2.3686915265843917, -0.5838631555325179, 2.583319137545542, 1.1961759189475523]]",868.9064204692841,6.493806600570679,110.63297915458679
5,rrtstar,PathLength,4.686651863505664,4.686651863505664,28.270994663238525,"[[0.6291796587663371, -0.019316974226201426, 0.034181329349959697, -1.9436012222141201, 0.43125168091770977, 1.938873926282423, -1.4136313279050623], [0.5909043126816516, -0.05387750032825782, 0.1364664664852494, -1.9540738760672394, 0.35858049755364513, 1.82420918816964, -1.2559355211685341], [0.5526289665969661, -0.0884380264303142, 0.2387516036205391, -1.9645465299203586, 0.28590931418958054, 1.709544450056857, -1.0982397144320062], [0.5143536205122806, -0.1229985525323706, 0.34103674075582874, -1.9750191837734778, 0.21323813082551593, 1.594879711944074, -0.9405439076954782], [0.4760782744275951, -0.157559078634427, 0.4433218778911185, -1.985491837626597, 0.14056694746145126, 1.480214973831291, -0.7828481009589501], [0.4378029283429096, -0.1921196047364834, 0.5456070150264081, -1.9959644914797163, 0.06789576409738668, 1.365550235718508, -0.6251522942224221], [0.39952758225822416, -0.2266801308385398, 0.6478921521616977, -2.0064371453328356, -0.004775419266677905, 1.250885497605725, -0.4674564874858942], [0.3612522361735387, -0.26124065694059617, 0.7501772892969873, -2.016909799185955, -0.07744660263074249, 1.136220759492942, -0.30976068074936625], [0.3229768900888531, -0.29580118304265257, 0.8524624264322772, -2.027382453039074, -0.15011778599480724, 1.021556021380159, -0.15206487401283786], [0.28470154400416764, -0.33036170914470897, 0.9547475635675668, -2.0378551068921933, -0.22278896935887177, 0.9068912832673761, 0.005630932723690085], [0.24642619791948217, -0.36492223524676537, 1.0570327007028566, -2.0483277607453125, -0.29546015272293635, 0.7922265451545931, 0.16332673946021803], [0.2969145432817512, -0.2784491001808924, 1.0300221111909407, -2.0839237347274326, -0.32750493081288984, 0.9912368331980319, 0.27808775940325514], [0.34740288864402025, -0.19197596511501952, 1.0030115216790247, -2.1195197087095523, -0.3595497089028433, 1.1902471212414707, 0.39284877934629225], [0.39789123400628934, -0.10550283004914662, 0.9760009321671089, -2.1551156826916724, -0.39159448699279686, 1.3892574092849093, 0.5076097992893294], [0.4483795793685584, -0.01902969498327367, 0.948990342655193, -2.190711656673792, -0.42363926508275035, 1.588267697328348, 0.6223708192323665], [0.49886792473082747, 0.06744344008259928, 0.9219797531432772, -2.226307630655912, -0.4556840431727039, 1.7872779853717868, 0.7371318391754037], [0.5493562700930965, 0.15391657514847212, 0.8949691636313613, -2.261903604638032, -0.4877288212626574, 1.9862882734152256, 0.8518928591184408], [0.5998446154553656, 0.2403897102143452, 0.8679585741194453, -2.297499578620152, -0.5197735993526109, 2.1852985614586644, 0.966653879061478], [0.6503329608176346, 0.32686284528021803, 0.8409479846075295, -2.3330955526022716, -0.5518183774425643, 2.384308849502103, 1.081414899004515], [0.7008213061799037, 0.41333598034609104, 0.8139373950956136, -2.3686915265843917, -0.5838631555325179, 2.583319137545542, 1.1961759189475523]]",900.8510653972626,6.918840408325195,113.93618750572205
6,rrtstar,PathLength,6.884064811652883,6.884064811652883,53.81652045249939,"[[0.6291796587663371, -0.019316974226201426, 0.034181329349959697, -1.9436012222141201, 0.43125168091770977, 1.938873926282423, -1.4136313279050623], [0.44946242918665363, -0.019657859355673046, 0.0822411346140414, -1.8593140152201817, 0.4712707808562115, 2.0039493426182804, -1.1744247704116693], [0.2697451996069702, -0.01999874448514467, 0.13030093987812308, -1.7750268082262433, 0.5112898807947132, 2.069024758954138, -0.935218212918276], [0.09002797002728669, -0.02033962961461629, 0.1783607451422048, -1.6907396012323048, 0.5513089807332149, 2.1341001752899955, -0.6960116554248829], [-0.0896892595523967, -0.020680514744087913, 0.22642055040628645, -1.6064523942383664, 0.5913280806717166, 2.199175591625853, -0.4568050979314897], [-0.2694064891320801, -0.021021399873559533, 0.27448035567036816, -1.522165187244428, 0.6313471806102182, 2.2642510079617106, -0.21759854043809668], [-0.4491237187117637, -0.021362285003031153, 0.32254016093444987, -1.4378779802504895, 0.6713662805487199, 2.329326424297568, 0.02160801705529658], [-0.6288409482914471, -0.021703170132502777, 0.3705999661985315, -1.353590773256551, 0.7113853804872217, 2.3944018406334258, 0.26081457454868984], [-0.8085581778711305, -0.022044055261974397, 0.41865977146261324, -1.2693035662626126, 0.7514044804257234, 2.4594772569692833, 0.5000211320420829], [-0.5614110135254667, 0.027796707515567894, 0.47956522563508763, -1.3444496703252007, 0.6523857279776875, 2.273680072921957, 0.6399963784220607], [-0.31426384917980293, 0.07763747029311019, 0.540470679807562, -1.419595774387789, 0.5533669755296516, 2.087882888874631, 0.7799716248020385], [-0.06711668483413924, 0.12747823307065248, 0.6013761339800365, -1.494741878450377, 0.45434822308161577, 1.9020857048273045, 0.9199468711820165], [0.18003047951152462, 0.17731899584819477, 0.6622815881525109, -1.5698879825129652, 0.3553294706335799, 1.7162885207799783, 1.0599221175619942], [0.4271776438571885, 0.22715975862573706, 0.7231870423249853, -1.6450340865755533, 0.25631071818554396, 1.530491336732652, 1.199897363941972], [0.674324808202852, 0.27700052140327935, 0.7840924964974598, -1.7201801906381413, 0.15729196573750814, 1.3446941526853258, 1.33987261032195], [0.921471972548516, 0.32684128418082165, 0.8449979506699342, -1.7953262947007296, 0.058273213289472214, 1.1588969686379995, 1.479847856701928], [0.8663093059563629, 0.34846495822213897, 0.8372328117763541, -1.9386676026716452, -0.10226087891602531, 1.515002510864885, 1.408929872263334], [0.8111466393642098, 0.37008863226345634, 0.8294676728827739, -2.0820089106425606, -0.26279497112152284, 1.8711080530917708, 1.3380118878247402], [0.7559839727720568, 0.3917123063047737, 0.8217025339891937, -2.2253502186134764, -0.42332906332702036, 2.2272135953186565, 1.2670939033861461], [0.7008213061799037, 0.41333598034609104, 0.8139373950956136, -2.3686915265843917, -0.5838631555325179, 2.583319137545542, 1.1961759189475523]]",958.8870782852173,7.32262110710144,117.81282997131348
7,rrtstar,PathLength,5.409689221406975,5.409689221406975,46.92736840248108,"[[0.6291796587663371, -0.019316974226201426, 0.034181329349959697, -1.9436012222141201, 0.43125168091770977, 1.938873926282423, -1.4136313279050623], [0.4715759344617081, -0.08909524423034762, 0.17399882855867277, -1.9684909310582899, 0.41139181490710724, 2.028864130053494, -1.3204493745445882], [0.31397221015707916, -0.1588735142344938, 0.3138163277673858, -1.9933806399024598, 0.3915319488965047, 2.1188543338245656, -1.2272674211841141], [0.15636848585245028, -0.22865178423863997, 0.45363382697609883, -2.0182703487466296, 0.3716720828859022, 2.208844537595637, -1.13408546782364], [-0.0012352384521787663, -0.2984300542427862, 0.5934513261848119, -2.0431600575907995, 0.3518122168752996, 2.2988347413667083, -1.040903514463166], [-0.15883896275680764, -0.36820832424693234, 0.7332688253935249, -2.068049766434969, 0.3319523508646971, 2.3888249451377797, -0.9477215611026919], [-0.3164426870614365, -0.4379865942510785, 0.8730863246022379, -2.092939475279139, 0.3120924848540946, 2.4788151489088506, -0.8545396077422178], [-0.4740464113660655, -0.5077648642552246, 1.012903823810951, -2.117829184123309, 0.29223261884349205, 2.568805352679922, -0.7613576543817437], [-0.6316501356706946, -0.5775431342593709, 1.1527213230196642, -2.142718892967479, 0.27237275283288953, 2.6587955564509933, -0.6681757010212696], [-0.7892538599753235, -0.647321404263517, 1.2925388222283771, -2.1676086018116485, 0.252512886822287, 2.7487857602220647, -0.5749937476607955], [-0.9468575842799524, -0.7170996742676632, 1.4323563214370902, -2.1924983106558185, 0.23265302081168449, 2.838775963993136, -0.4818117943003214], [-0.757753739740462, -0.587359753746915, 1.3613804794910187, -2.2127199780612745, 0.13894158894872033, 2.809457224598705, -0.28922941098372706], [-0.5686498952009716, -0.4576198332261667, 1.2904046375449474, -2.23294164546673, 0.0452301570857562, 2.7801384852042745, -0.09664702766713273], [-0.3795460506614813, -0.3278799127054184, 1.2194287955988758, -2.253163312872186, -0.04848127477720793, 2.7508197458098436, 0.09593535564946165], [-0.19044220612199092, -0.19813999218467016, 1.1484529536528043, -2.2733849802776422, -0.14219270664017208, 2.721501006415413, 0.2885177389660559], [-0.001338361582500558, -0.06840007166392192, 1.0774771117067328, -2.293606647683098, -0.23590413850313624, 2.692182267020982, 0.4811001222826502], [0.1877654829569898, 0.06133984885682642, 1.0065012697606615, -2.313828315088554, -0.32961557036610034, 2.662863527626551, 0.6736825055992447], [0.37686932749648017, 0.19107976937757465, 0.9355254278145899, -2.3340499824940095, -0.4233270022290645, 2.6335447882321206, 0.866264888915839], [0.5659731720359705, 0.3208196898983229, 0.8645495858685185, -2.3542716498994656, -0.5170384340920287, 2.6042260488376896, 1.0588472722324331], [0.7008213061799037, 0.41333598034609104, 0.8139373950956136, -2.3686915265843917, -0.5838631555325179, 2.583319137545542, 1.1961759189475523]]",1010.1920390129089,7.732479095458984,121.8466124534607
8,rrtstar,PathLength,,,,,1233.1890122890472,8.269063234329224,141.51049256324768
9,rrtstar,PathLength,7.369432505925751,7.369432505925751,108.00224089622498,"[[0.6291796587663371, -0.019316974226201426, 0.034181329349959697, -1.9436012222141201, 0.43125168091770977, 1.938873926282423, -1.4136313279050623], [0.7698784010994891, -0.18361262580197868, 0.12843724999446915, -1.7865762932723543, 0.23454505121730232, 1.8450479779820308, -1.318691349664093], [0.9105771434326411, -0.3479082773777559, 0.2226931706389786, -1.6295513643305886, 0.03783842151689487, 1.7512220296816385, -1.2237513714231238], [1.0512758857657931, -0.5122039289535332, 0.3169490912834881, -1.4725264353888226, -0.1588682081835126, 1.6573960813812465, -1.1288113931821544], [1.1919746280989452, -0.6764995805293104, 0.4112050119279975, -1.3155015064470568, -0.35557483788392, 1.5635701330808542, -1.0338714149411852], [1.3326733704320972, -0.8407952321050877, 0.505460932572507, -1.158476577505291, -0.5522814675843275, 1.469744184780462, -0.9389314367002158], [1.4733721127652493, -1.005090883680865, 0.5997168532170164, -1.001451648563525, -0.7489880972847349, 1.3759182364800697, -0.8439914584592466], [1.6140708550984013, -1.1693865352566422, 0.6939727738615259, -0.8444267196217592, -0.9456947269851423, 1.2820922881796775, -0.7490514802182773], [1.600491764784369, -0.8887332060952902, 0.758231721615727, -0.8969240645239618, -1.0661060212931306, 1.412172398875329, -0.6091049587515945], [1.5869126744703366, -0.6080798769339382, 0.8224906693699281, -0.9494214094261643, -1.1865173156011186, 1.5422525095709805, -0.4691584372849118], [1.5733335841563043, -0.3274265477725862, 0.8867496171241293, -1.0019187543283667, -1.3069286099091069, 1.6723326202666318, -0.32921191581822906], [1.5597544938422718, -0.04677321861123418, 0.9510085648783304, -1.0544160992305693, -1.4273399042170951, 1.8024127309622835, -0.18926539435154632], [1.5461754035282396, 0.23388011055011804, 1.0152675126325315, -1.106913444132772, -1.5477511985250834, 1.9324928416579348, -0.049318872884863474], [1.532596313214207, 0.5145334397114698, 1.0795264603867327, -1.1594107890349745, -1.6681624928330714, 2.0625729523535865, 0.09062764858181915], [1.5190172229001748, 0.795186768872822, 1.1437854081409338, -1.2119081339371771, -1.7885737871410596, 2.192653063049238, 0.230574170048502], [1.3553780395561206, 0.7188166111674759, 1.0778158055318698, -1.44326481246662, -1.5476316608193512, 2.2707862779484986, 0.4236945198283121], [1.1917388562120663, 0.6424464534621296, 1.0118462029228057, -1.674621490996063, -1.3066895344976428, 2.3489194928477595, 0.6168148696081222], [1.028099672868012, 0.5660762957567834, 0.9458766003137417, -1.9059781695255058, -1.0657474081759344, 2.4270527077470203, 0.8099352193879321], [0.8644604895239578, 0.4897061380514372, 0.8799069977046776, -2.137334848054949, -0.8248052818542261, 2.505185922646281, 1.0030555691677423], [0.7008213061799037, 0.41333598034609104, 0.8139373950956136, -2.3686915265843917, -0.5838631555325179, 2.583319137545542, 1.1961759189475523]]",1345.6625599861145,8.684500932693481,145.64859175682068
0,rrtstar,PathLength,5.110649451266236,5.110649451266236,14.427582502365112,"[[0.6291796587663371, -0.019316974226201426, 0.034181329349959697, -1.9436012222141201, 0.43125168091770977, 1.938873926282423, -1.4136313279050623], [0.6205890703254924, 0.007939503028287595, 0.053963353078373105, -1.8409963757292904, 0.45588295683020985, 1.8584248216330526, -1.1940013114761503], [0.6119984818846476, 0.035195980282776616, 0.07374537680678651, -1.7383915292444607, 0.48051423274271, 1.7779757169836818, -0.9743712950472385], [0.6034078934438029, 0.06245245753726563, 0.09352740053519991, -1.635786682759631, 0.5051455086552101, 1.6975266123343111, -0.7547412786183267], [0.594817305002958, 0.08970893479175465, 0.11330942426361333, -1.5331818362748013, 0.5297767845677102, 1.6170775076849406, -0.5351112621894147], [0.5862267165621133, 0.11696541204624367, 0.1330914479920267, -1.4305769897899716, 0.5544080604802103, 1.5366284030355701, -0.31548124576050296], [0.5776361281212686, 0.14422188930073268, 0.15287347172044013, -1.327972143305142, 0.5790393363927104, 1.4561792983861994, -0.09585122933159118], [0.5690455396804238, 0.1714783665552217, 0.1726554954488535, -1.2253672968203122, 0.6036706123052106, 1.3757301937368287, 0.1237787870973206], [0.5604549512395791, 0.19873484380971074, 0.19243751917726698, -1.1227624503354825, 0.6283018882177107, 1.2952810890874582, 0.3434088035262328], [0.5518643627987343, 0.22599132106419975, 0.21221954290568035, -1.0201576038506528, 0.6529331641302107, 1.2148319844380877, 0.5630388199551446], [0.5432737743578896, 0.25324779831868877, 0.23200156663409377, -0.9175527573658231, 0.6775644400427109, 1.134382879788717, 0.7826688363840564], [0.5607790556714467, 0.27103537409951123, 0.2966611031298182, -1.0787903983901086, 0.53740581831213, 1.295375797317253, 0.8286140677800004], [0.5782843369850038, 0.2888229498803337, 0.3613206396255426, -1.2400280394143939, 0.39724719658154894, 1.4563687148457891, 0.8745592991759443], [0.5957896182985609, 0.3066105256611562, 0.42598017612126704, -1.4012656804386792, 0.257088574850968, 1.6173616323743252, 0.9205045305718883], [0.613294899612118, 0.32439810144197867, 0.49063971261699146, -1.5625033214629647, 0.11692995312038701, 1.7783545499028612, 0.9664497619678323], [0.6308001809256752, 0.34218567722280113, 0.5552992491127159, -1.7237409624872502, -0.023228668610194014, 1.9393474674313977, 1.0123949933637764], [0.6483054622392324, 0.3599732530036236, 0.6199587856084403, -1.8849786035115355, -0.16338729034077493, 2.1003403849599334, 1.0583402247597202], [0.6658107435527895, 0.37776082878444606, 0.6846183221041647, -2.046216244535821, -0.30354591207135595, 2.26133330248847, 1.1042854561556643], [0.6833160248663466, 0.3955484045652685, 0.7492778585998892, -2.2074538855601062, -0.44370453380193686, 2.4223262200170055, 1.1502306875516082], [0.7008213061799037, 0.41333598034609104, 0.8139373950956136, -2.3686915265843917, -0.5838631555325179, 2.583319137545542, 1.1961759189475523]]",1364.6192872524261,9.074697732925415,149.8310935497284
1,rrtstar,PathLength,5.1579764667099415,5.1579764667099415,26.026793003082275,"[[0.6291796587663371, -0.019316974226201426, 0.034181329349959697, -1.9436012222141201, 0.43125168091770977, 1.938873926282423, -1.4136313279050623], [0.5333347044785, -0.1104811078680844, 0.19202943875001882, -1.8995193029726916, 0.40604380936849305, 2.0130099968503665, -1.2849304750019515], [0.43748975019066283, -0.20164524150996738, 0.349877548150078, -1.855437383731263, 0.38083593781927627, 2.0871460674183098, -1.1562296220988406], [0.3416447959028257, -0.2928093751518503, 0.5077256575501371, -1.8113554644898344, 0.3556280662700595, 2.1612821379862535, -1.0275287691957298], [0.24579984161498858, -0.3839735087937333, 0.6655737669501962, -1.7672735452484059, 0.3304201947208428, 2.2354182085541967, -0.898827916292619], [0.14995488732715145, -0.47513764243561624, 0.8234218763502553, -1.7231916260069773, 0.30521232317162605, 2.30955427912214, -0.7701270633895082], [0.05410993303931433, -0.5663017760774991, 0.9812699857503144, -1.6791097067655487, 0.2800044516224093, 2.3836903496900836, -0.6414262104863974], [-0.0417350212485228, -0.657465909719382, 1.1391180951503737, -1.6350277875241201, 0.2547965800731925, 2.457826420258027, -0.5127253575832866], [-0.13757997553635992, -0.7486300433612652, 1.2969662045504329, -1.5909458682826914, 0.22958870852397578, 2.53196249082597, -0.3840245046801758], [-0.23342492982419705, -0.8397941770031481, 1.454814313950492, -1.5468639490412628, 0.20438083697475903, 2.606098561393914, -0.25532365177706495], [-0.3292698841120342, -0.930958310645031, 1.612662423350551, -1.5027820297998342, 0.17917296542554229, 2.680234631961857, -0.1266227988739541], [-0.21481530741292998, -0.7815922783126841, 1.5239151979888914, -1.5989941961092295, 0.09439117420798004, 2.669466243693378, 0.02035483643954658], [-0.10036073071382579, -0.6322262459803372, 1.4351679726272317, -1.6952063624186247, 0.009609382990417803, 2.658697855424898, 0.16733247175304727], [0.014093845985278408, -0.48286021364799037, 1.3464207472655718, -1.79141852872802, -0.07517240822714444, 2.647929467156419, 0.314310107066548], [0.1285484226843826, -0.33349418131564346, 1.2576735219039121, -1.8876306950374153, -0.15995419944470668, 2.637161078887939, 0.46128774238004866], [0.2430029993834869, -0.18412814898329655, 1.1689262965422524, -1.9838428613468106, -0.24473599066226892, 2.62639269061946, 0.6082653776935495], [0.357457576082591, -0.03476211665094975, 1.0801790711805928, -2.080055027656206, -0.32951778187983116, 2.61562430235098, 0.7552430130070501], [0.4719121527816953, 0.11460391568139716, 0.9914318458189331, -2.176267193965601, -0.4142995730973934, 2.604855914082501, 0.9022206483205508], [0.5863667294807994, 0.26396994801374407, 0.9026846204572734, -2.272479360274996, -0.49908136431495564, 2.5940875258140212, 1.0491982836340514], [0.7008213061799037, 0.41333598034609104, 0.8139373950956136, -2.3686915265843917, -0.5838631555325179, 2.583319137545542, 1.1961759189475523]]",1394.7229797840118,9.455485820770264,153.57227206230164
2,rrtstar,PathLength,4.882698921695195,4.882698921695195,18.08135747909546,"[[0.6291796587663371, -0.019316974226201426, 0.034181329349959697, -1.9436012222141201, 0.43125168091770977, 1.938873926282423, -1.4136313279050623], [0.7524305944334063, -0.0441144876674787, 0.04885930649342498, -1.9442516309735343, 0.2867621404210322, 2.02586283430597, -1.3089942440600444], [0.8756815301004757, -0.06891200110875598, 0.06353728363689026, -1.9449020397329486, 0.1422725999243547, 2.1128517423295174, -1.2043571602150265], [0.9989324657675449, -0.09370951455003323, 0.07821526078035554, -1.9455524484923628, -0.002216940572322801, 2.1998406503530643, -1.0997200763700088], [1.1221834014346141, -0.11850702799131052, 0.09289323792382084, -1.946202857251777, -0.14670648106900036, 2.2868295583766116, -0.9950829925249909], [1.2454343371016834, -0.14330454143258778, 0.10757121506728612, -1.9468532660111912, -0.29119602156567786, 2.3738184664001585, -0.8904459086799731], [1.3686852727687526, -0.16810205487386504, 0.1222491922107514, -1.9475036747706056, -0.43568556206235537, 2.460807374423706, -0.7858088248349553], [1.4919362084358219, -0.19289956831514232, 0.13692716935421667, -1.9481540835300197, -0.5801751025590329, 2.547796282447253, -0.6811717409899374], [1.6151871441028913, -0.2176970817564196, 0.15160514649768198, -1.948804492289434, -0.7246646430557104, 2.6347851904708, -0.5765346571449195], [1.7384380797699608, -0.2424945951976969, 0.16628312364114728, -1.9494549010488482, -0.8691541835523879, 2.7217740984943473, -0.47189757329990156], [1.86168901543703, -0.2672921086389741, 0.18096110078461253, -1.9501053098082626, -1.0136437240490654, 2.808763006517894, -0.3672604894548839], [1.9849399511040993, -0.2920896220802514, 0.19563907792807783, -1.9507557185676767, -1.158133264545743, 2.8957519145414414, -0.26262340560986597], [1.8244251204885749, -0.2039114217769586, 0.2729263675740198, -2.0029976945697663, -1.0863495009190898, 2.856697817416954, -0.08027349004018869], [1.6639102898730505, -0.1157332214736658, 0.3502136572199618, -2.0552396705718556, -1.0145657372924366, 2.8176437202924665, 0.10207642552948859], [1.5033954592575258, -0.027555021170373006, 0.4275009468659038, -2.107481646573945, -0.9427819736657835, 2.778589623167979, 0.28442634109916587], [1.3428806286420014, 0.06062317913291981, 0.5047882365118457, -2.1597236225760343, -0.8709982100391305, 2.7395355260434915, 0.46677625666884315], [1.182365798026477, 0.14880137943621263, 0.5820755261577877, -2.2119655985781237, -0.7992144464124773, 2.7004814289190042, 0.6491261722385204], [1.0218509674109524, 0.2369795797395054, 0.6593628158037297, -2.264207574580213, -0.7274306827858241, 2.661427331794517, 0.8314760878081977], [0.861336136795428, 0.3251577800427982, 0.7366501054496717, -2.3164495505823024, -0.6556469191591711, 2.6223732346700293, 1.013826003377875], [0.7008213061799037, 0.41333598034609104, 0.8139373950956136, -2.3686915265843917, -0.5838631555325179, 2.583319137545542, 1.1961759189475523]]",1417.1763956546783,9.858905553817749,157.5845959186554
3,rrtstar,PathLength,,,,,1635.2343270778656,10.26053524017334,161.6213595867157
4,rrtstar,PathLength,,,,,1841.6483533382416,10.679629564285278,165.72046828269958
5,rrtstar,PathLength,,,,,2047.1831233501434,11.08317255973816,169.69826126098633
6,rrtstar,PathLength,4.919965902973284,4.919965902973284,72.4891517162323,"[[0.6291796587663371, -0.019316974226201426, 0.034181329349959697, -1.9436012222141201, 0.43125168091770977, 1.938873926282423, -1.4136313279050623], [0.6861999911546264, -0.04600677201253309, 0.193612714679608, -1.8717207860668617, 0.37143628494034386, 1.923315743480249, -1.2837362350747559], [0.7432203235429156, -0.07269656979886474, 0.35304410000925635, -1.7998403499196032, 0.3116208889629779, 1.9077575606780752, -1.1538411422444494], [0.8002406559312049, -0.0993863675851964, 0.5124754853389045, -1.7279599137723447, 0.25180549298561206, 1.8921993778759012, -1.023946049414143], [0.8572609883194942, -0.12607616537152808, 0.6719068706685529, -1.6560794776250862, 0.1919900970082461, 1.8766411950737272, -0.8940509565838366], [0.9142813207077833, -0.15276596315785973, 0.8313382559982012, -1.5841990414778278, 0.1321747010308802, 1.8610830122715534, -0.7641558637535302], [0.9713016530960725, -0.17945576094419138, 0.9907696413278494, -1.5123186053305693, 0.07235930505351429, 1.8455248294693793, -0.6342607709232239], [1.028321985484362, -0.20614555873052307, 1.150201026657498, -1.4404381691833108, 0.01254390907614833, 1.8299666466672055, -0.5043656780929173], [1.0853423178726511, -0.23283535651685472, 1.3096324119871463, -1.368557733036052, -0.047271486901217574, 1.8144084638650315, -0.3744705852626109], [1.1423626502609405, -0.2595251543031864, 1.4690637973167946, -1.2966772968887936, -0.10708688287858353, 1.7988502810628575, -0.24457549243230448], [1.1993829826492295, -0.286214952089518, 1.6284951826464429, -1.2247968607415352, -0.16690227885594938, 1.7832920982606837, -0.11468039960199805], [1.256403315037519, -0.3129047498758497, 1.7879265679760912, -1.1529164245942767, -0.22671767483331529, 1.7677339154585097, 0.015214693228308374], [1.186955563930317, -0.22212465859810712, 1.6661779213660315, -1.304888312343041, -0.2713608599207156, 1.8696820682193886, 0.16283484644321386], [1.117507812823115, -0.13134456732036454, 1.5444292747559718, -1.4568602000918054, -0.31600404500811596, 1.9716302209802676, 0.31045499965811935], [1.0480600617159133, -0.04056447604262192, 1.4226806281459121, -1.60883208784057, -0.36064723009551625, 2.073578373741147, 0.4580751528730248], [0.9786123106087112, 0.050215615235120636, 1.3009319815358524, -1.7608039755893343, -0.4052904151829166, 2.1755265265020256, 0.6056953060879303], [0.9091645595015094, 0.1409957065128632, 1.1791833349257925, -1.9127758633380987, -0.4499336002703169, 2.277474679262905, 0.7533154593028358], [0.8397168083943075, 0.23177579779060586, 1.057434688315733, -2.064747751086863, -0.4945767853577172, 2.379422832023784, 0.9009356125177412], [0.7702690572871056, 0.3225558890683484, 0.9356860417056733, -2.2167196388356274, -0.5392199704451175, 2.481370984784663, 1.0485557657326467], [0.7008213061799037, 0.41333598034609104, 0.8139373950956136, -2.3686915265843917, -0.5838631555325179, 2.583319137545542, 1.1961759189475523]]",2124.215414047241,11.478843212127686,173.92217707633972
7,rrtstar,PathLength,4.598889218185218,4.598889218185218,75.64839720726013,"[[0.6291796587663371, -0.019316974226201426, 0.034181329349959697, -1.9436012222141201, 0.43125168091770977, 1.938873926282423, -1.4136313279050623], [0.6609039705681449, -0.022620523663922282, 0.08981413868540256, -1.9012841237973817, 0.49078341206909004, 1.9778692794857147, -1.202806670117044], [0.6926282823699528, -0.025924073101643137, 0.1454469480208454, -1.8589670253806434, 0.5503151432204703, 2.016864632689006, -0.9919820123290253], [0.7243525941717606, -0.029227622539363993, 0.20107975735628825, -1.816649926963905, 0.6098468743718506, 2.055859985892298, -0.7811573545410069], [0.7560769059735684, -0.032531171977084855, 0.2567125666917311, -1.7743328285471665, 0.6693786055232309, 2.0948553390955897, -0.5703326967529884], [0.7878012177753762, -0.035834721414805704, 0.31234537602717394, -1.7320157301304282, 0.728910336674611, 2.133850692298881, -0.35950803896496986], [0.8195255295771839, -0.039138270852526566, 0.3679781853626168, -1.6896986317136897, 0.7884420678259914, 2.1728460455021725, -0.14868338117695146], [0.8512498413789918, -0.042441820290247415, 0.4236109946980597, -1.6473815332969513, 0.8479737989773717, 2.2118413987054644, 0.06214127661106694], [0.8829741531807996, -0.04574536972796828, 0.47924380403350253, -1.605064434880213, 0.907505530128752, 2.250836751908756, 0.27296593439908556], [0.9146984649826075, -0.04904891916568913, 0.5348766133689453, -1.5627473364634745, 0.9670372612801321, 2.2898321051120476, 0.4837905921871042], [0.9464227767844153, -0.05235246860340999, 0.5905094227043881, -1.5204302380467363, 1.0265689924315125, 2.328827458315339, 0.6946152499751226], [0.9781470885862231, -0.05565601804113084, 0.646142232039831, -1.4781131396299978, 1.0861007235828928, 2.367822811518631, 0.905439907763141], [0.9434813657854332, 0.0029679817572718925, 0.6671166274218039, -1.589435437999297, 0.8773552386934664, 2.394759852271995, 0.9417819091611924], [0.9088156429846432, 0.06159198155567463, 0.6880910228037767, -1.7007577363685962, 0.6686097538040401, 2.4216968930253584, 0.9781239105592439], [0.8741499201838533, 0.12021598135407735, 0.7090654181857494, -1.8120800347378956, 0.45986426891461374, 2.4486339337787224, 1.0144659119572952], [0.8394841973830633, 0.1788399811524801, 0.7300398135677223, -1.9234023331071948, 0.2511187840251874, 2.4755709745320864, 1.0508079133553467], [0.8048184745822735, 0.23746398095088284, 0.7510142089496952, -2.034724631476494, 0.042373299135761044, 2.5025080152854504, 1.087149914753398], [0.7701527517814836, 0.29608798074928555, 0.7719886043316679, -2.1460469298457934, -0.1663721857536653, 2.5294450560388144, 1.1234919161514494], [0.7354870289806936, 0.3547119805476883, 0.7929629997136407, -2.257369228215093, -0.37511767064309165, 2.556382096792178, 1.1598339175495007], [0.7008213061799037, 0.41333598034609104, 0.8139373950956136, -2.3686915265843917, -0.5838631555325179, 2.583319137545542, 1.1961759189475523]]",2204.4371299743652,11.893615245819092,178.15785908699036
8,rrtstar,PathLength,10.219809428428986,10.219809428428986,49.35052037239075,"[[0.6291796587663371, -0.019316974226201426, 0.034181329349959697, -1.9436012222141201, 0.43125168091770977, 1.938873926282423, -1.4136313279050623], [0.3286732529905018, -0.010815987154021255, 0.24016898022682948, -1.923929598916709, 0.582680402532739, 1.8322742246236212, -1.0962684593646985], [0.028166847214666557, -0.0023150000818410836, 0.44615663110369924, -1.9042579756192977, 0.7341091241477684, 1.7256745229648196, -0.7789055908243349], [-0.27233955856116854, 0.0061859869903390895, 0.6521442819805688, -1.8845863523218866, 0.8855378457627976, 1.6190748213060178, -0.4615427222839713], [-0.572845964337004, 0.014686974062519259, 0.8581319328574387, -1.8649147290244754, 1.036966567377827, 1.512475119647216, -0.14417985374360742], [-0.8733523701128391, 0.023187961134699432, 1.0641195837343085, -1.8452431057270642, 1.1883952889928562, 1.4058754179884143, 0.17318301479675613], [-0.5790428140814128, -0.2618548750169633, 1.1137194461543407, -1.9282849868982097, 1.1489147788842002, 1.3985603485573634, 0.4479554070145169], [-0.2847332580499864, -0.5468977111686261, 1.1633193085743727, -2.011326868069355, 1.1094342687755445, 1.3912452791263126, 0.7227277992322777], [0.009576297981439774, -0.8319405473202889, 1.212919170994405, -2.0943687492405005, 1.0699537586668886, 1.3839302096952615, 0.9975001914500384], [0.3038858540128663, -1.1169833834719516, 1.2625190334144372, -2.177410630411646, 1.0304732485582329, 1.3766151402642106, 1.2722725836677993], [0.5981954100442923, -1.4020262196236144, 1.3121188958344692, -2.2604525115827916, 0.9909927384495769, 1.3693000708331597, 1.54704497588556], [0.7011751308354461, -1.22989806944119, 1.4945379630205107, -1.9613241594316753, 0.7641665610098508, 1.4807884982374242, 1.3671372496056056], [0.8041548516265999, -1.057769919258766, 1.676957030206552, -1.662195807280559, 0.5373403835701247, 1.5922769256416887, 1.1872295233256511], [0.9071345724177537, -0.8856417690763417, 1.8593760973925932, -1.363067455129443, 0.3105142061303987, 1.7037653530459531, 1.0073217970456967], [1.0101142932089076, -0.7135136188939174, 2.0417951645786347, -1.0639391029783265, 0.08368802869067249, 1.8152537804502178, 0.8274140707657422], [1.1130940140000614, -0.5413854687114932, 2.2242142317646763, -0.7648107508272104, -0.1431381487490535, 1.9267422078544822, 0.6475063444857878], [1.010025837045022, -0.30270510644709714, 1.8716450225974106, -1.1657809447665057, -0.25331940044491963, 2.0908864402772473, 0.784673738101229], [0.9069576600899825, -0.0640247441827011, 1.519075813430145, -1.566751138705801, -0.3635006521407857, 2.2550306727000122, 0.92184113171667], [0.8038894831349431, 0.17465561808169494, 1.1665066042628793, -1.9677213326450964, -0.47368190383665176, 2.419174905122777, 1.059008525332111], [0.7008213061799037, 0.41333598034609104, 0.8139373950956136, -2.3686915265843917, -0.5838631555325179, 2.583319137545542, 1.1961759189475523]]",2258.0232968330383,12.323116064071655,182.03617906570435
9,rrtstar,PathLength,,,,,2468.26464676857,12.729782342910767,185.91153001785278
0,rrtstar,PathLength,4.780866729669967,4.780866729669967,186.09917187690735,"[[0.6291796587663371, -0.019316974226201426, 0.034181329349959697, -1.9436012222141201, 0.43125168091770977, 1.938873926282423, -1.4136313279050623], [0.49559885230796225, 0.032152958947991125, 0.1642501675430289, -1.9140267709053425, 0.3928268772812869, 2.020550455776009, -1.3125860244473038], [0.3620180458495874, 0.08362289212218368, 0.29431900573609815, -1.8844523195965648, 0.354402073644864, 2.1022269852695947, -1.211540720989545], [0.22843723939121263, 0.1350928252963762, 0.4243878439291674, -1.8548778682877871, 0.3159772700084411, 2.1839035147631805, -1.1104954175317865], [0.09485643293283774, 0.18656275847056877, 0.5544566821222365, -1.8253034169790094, 0.27755246637201825, 2.265580044256766, -1.0094501140740277], [-0.03872437352553704, 0.23803269164476132, 0.6845255203153058, -1.7957289656702318, 0.23912766273559535, 2.3472565737503523, -0.9084048106162692], [-0.17230517998391182, 0.28950262481895384, 0.814594358508375, -1.7661545143614539, 0.2007028590991725, 2.428933103243938, -0.8073595071585106], [-0.3058859864422866, 0.3409725579931464, 0.9446631967014442, -1.7365800630526762, 0.1622780554627496, 2.510609632737524, -0.706314203700752], [-0.4394667929006616, 0.392442491167339, 1.0747320348945135, -1.7070056117438985, 0.12385325182632667, 2.59228616223111, -0.6052689002429933], [-0.5730475993590364, 0.44391242434153155, 1.2048008730875828, -1.6774311604351209, 0.0854284481899038, 2.6739626917246957, -0.5042235967852348], [-0.706628405817411, 0.4953823575157241, 1.334869711280652, -1.6478567091263432, 0.04700364455348094, 2.7556392212182814, -0.4031782933274761], [-0.5502451044843761, 0.4862660933857649, 1.2769883428156477, -1.727949466621682, -0.023092666567185588, 2.736492545254644, -0.22547226974136186], [-0.39386180315134117, 0.4771498292558057, 1.2191069743506435, -1.8080422241170206, -0.09318897768785211, 2.717345869291006, -0.047766246155247605], [-0.2374785018183062, 0.46803356512584643, 1.1612256058856392, -1.8881349816123594, -0.16328528880851867, 2.698199193327368, 0.1299397774308666], [-0.0810952004852713, 0.4589173009958872, 1.103344237420635, -1.968227739107698, -0.23338159992918517, 2.6790525173637305, 0.3076458010169809], [0.07528810084776383, 0.449801036865928, 1.0454628689556307, -2.048320496603037, -0.3034779110498518, 2.659905841400093, 0.4853518246030952], [0.23167140218079862, 0.44068477273596873, 0.9875815004906264, -2.1284132540983753, -0.3735742221705183, 2.6407591654364553, 0.6630578481892093], [0.38805470351383375, 0.4315685086060095, 0.9297001320256222, -2.2085060115937143, -0.44367053329118483, 2.621612489472817, 0.8407638717753239], [0.5444380048468684, 0.4224522444760503, 0.8718187635606178, -2.2885987690890532, -0.5137668444118513, 2.6024658135091796, 1.018469895361438], [0.7008213061799037, 0.41333598034609104, 0.8139373950956136, -2.3686915265843917, -0.5838631555325179, 2.583319137545542, 1.1961759189475523]]",191.08783984184265,0.6284732818603516,4.561366081237793
1,rrtstar,PathLength,,,,,404.8051116466522,1.0471758842468262,8.81092882156372
2,rrtstar,PathLength,,,,,618.8265073299408,1.443744421005249,12.74999213218689
3,rrtstar,PathLength,10.468931690684949,10.468931690684949,80.9896399974823,"[[0.6291796587663371, -0.019316974226201426, 0.034181329349959697, -1.9436012222141201, 0.43125168091770977, 1.938873926282423, -1.4136313279050623], [0.5334518053510277, 0.06615079309834959, 0.16845420106124898, -1.7612176086481426, 0.6830702124140581, 2.046983977222962, -1.0595893917491255], [0.4377239519357183, 0.15161856042290062, 0.30272707277253824, -1.578833995082165, 0.9348887439104063, 2.1550940281635014, -0.7055474555931884], [0.3419960985204089, 0.23708632774745164, 0.43699994448382745, -1.3964503815161877, 1.1867072754067547, 2.2632040791040406, -0.3515055194372516], [0.24626824510509948, 0.32255409507200267, 0.5712728161951167, -1.21406676795021, 1.438525806903103, 2.3713141300445795, 0.0025364167186854303], [0.1505403916897901, 0.4080218623965537, 0.7055456879064059, -1.0316831543842326, 1.6903443383994514, 2.4794241809851187, 0.35657835287462225], [0.20015398228856096, 0.3500497727868488, 0.5946799839756125, -1.2042006203939146, 1.66637523416766, 2.151115075040976, 0.6911982227068059], [0.2497675728873318, 0.29207768317714394, 0.48381428004481897, -1.3767180864035966, 1.6424061299358685, 1.8228059690968332, 1.0258180925389895], [0.29938116348610266, 0.2341055935674391, 0.37294857611402554, -1.5492355524132786, 1.6184370257040772, 1.4944968631526907, 1.360437962371173], [0.34899475408487346, 0.1761335039577342, 0.262082872183232, -1.7217530184229606, 1.5944679214722857, 1.1661877572085477, 1.6950578322033567], [0.3986083446836443, 0.11816141434802935, 0.15121716825243858, -1.8942704844326426, 1.5704988172404943, 0.8378786512644052, 2.0296777020355403], [0.17091228293007338, -0.03550884645344324, 0.3986504140735786, -1.7992833380854139, 1.2564675186121286, 0.9757502633223041, 2.0995171149125103], [-0.056783778823497555, -0.18917910725491582, 0.6460836598947186, -1.7042961917381854, 0.9424362199837628, 1.113621875380203, 2.16935652778948], [-0.2844798405770684, -0.3428493680563883, 0.8935169057158586, -1.6093090453909566, 0.628404921355397, 1.2514934874381018, 2.23919594066645], [-0.5121759023306394, -0.496519628857861, 1.1409501515369986, -1.5143218990437282, 0.3143736227270313, 1.3893650994960007, 2.30903535354342], [-0.7398719640842102, -0.6501898896593334, 1.3883833973581388, -1.4193347526964994, 0.00034232409866552516, 1.5272367115538996, 2.37887476642039], [-0.2794110453696043, -0.31027569051153553, 1.2047843347309886, -1.7227592923365123, -0.1863759714756359, 1.8647719066904145, 2.000871613972671], [0.18104987334500156, 0.029638508636262384, 1.0211852721038384, -2.026183831976525, -0.3730942670499373, 2.2023071018269293, 1.6228684615249525], [0.6415107920596075, 0.36955270778406035, 0.837586209476688, -2.329608371616538, -0.5598125626242387, 2.539842296963444, 1.2448653090772335], [0.7008213061799037, 0.41333598034609104, 0.8139373950956136, -2.3686915265843917, -0.5838631555325179, 2.583319137545542, 1.1961759189475523]]",704.1482644081116,1.8428430557250977,16.7583749294281
4,rrtstar,PathLength,9.632291068436913,9.632291068436913,63.88664150238037,"[[0.6291796587663371, -0.019316974226201426, 0.034181329349959697, -1.9436012222141201, 0.43125168091770977, 1.938873926282423, -1.4136313279050623], [0.3992205149488689, -0.2838278529966225, 0.011185928180537662, -2.0302461118474744, 0.4606833085965633, 1.795210077444417, -1.1511778242144997], [0.16926137113140072, -0.5483387317670435, -0.011809472988884372, -2.116891001480829, 0.4901149362754169, 1.6515462286064113, -0.8887243205239369], [-0.060697772686067464, -0.8128496105374646, -0.034804874158306395, -2.2035358911141834, 0.5195465639542705, 1.5078823797684053, -0.6262708168333743], [-0.29065691650353565, -1.0773604893078856, -0.05780027532772844, -2.290180780747538, 0.548978191633124, 1.3642185309303994, -0.3638173131428115], [-0.5206160603210037, -1.3418713680783068, -0.08079567649715047, -2.3768256703808923, 0.5784098193119775, 1.2205546820923936, -0.10136380945224888], [-0.7022148928624434, -1.0206068469980298, 0.009625952512624644, -2.2432403822943057, 0.4069710271017247, 1.4373650182882933, 0.07068120266700409], [-0.8838137254038831, -0.6993423259177528, 0.10004758152239976, -2.109655094207719, 0.23553223489147196, 1.654175354484193, 0.24272621478625706], [-1.0654125579453226, -0.3780778048374759, 0.19046921053217486, -1.9760698061211321, 0.06409344268121919, 1.8709856906800928, 0.41477122690550994], [-1.2470113904867626, -0.05681328375719885, 0.28089083954195, -1.8424845180345453, -0.10734534952903363, 2.0877960268759925, 0.586816239024763], [-1.428610223028202, 0.26445123732307807, 0.37131246855172506, -1.7088992299479586, -0.27878414173928634, 2.3046063630718923, 0.7588612511440159], [-1.218658603090211, 0.3987673212431504, 0.6072065437542915, -1.634244653253048, -0.30375343960148404, 2.3690204051878494, 0.9999894884899491], [-1.0087069831522197, 0.5330834051632227, 0.8431006189568578, -1.5595900765581374, -0.3287227374636818, 2.433434447303806, 1.241117725835882], [-0.7987553632142285, 0.667399489083295, 1.0789946941594244, -1.4849354998632267, -0.3536920353258795, 2.4978484894197632, 1.4822459631818155], [-0.5888037432762373, 0.8017155730033674, 1.3148887693619906, -1.4102809231683162, -0.3786613331880772, 2.5622625315357204, 1.7233742005277484], [-0.378852123338246, 0.9360316569234397, 1.550782844564557, -1.3356263464734055, -0.40363063105027497, 2.626676573651677, 1.9645024378736817], [-0.16890050340025486, 1.070347740843512, 1.7866769197671235, -1.2609717697784948, -0.42859992891247267, 2.691090615767634, 2.2056306752196146], [0.12100676645979797, 0.8513438206777051, 1.462430411543287, -1.6302116887137936, -0.4803543377858211, 2.6551667896936033, 1.8691457564622604], [0.4109140363198508, 0.632339900511898, 1.1381839033194503, -1.9994516076490927, -0.5321087466591695, 2.619242963619573, 1.5326608377049065], [0.7008213061799037, 0.41333598034609104, 0.8139373950956136, -2.3686915265843917, -0.5838631555325179, 2.583319137545542, 1.1961759189475523]]",772.0166654586792,2.2564613819122314,20.393900156021118
5,rrtstar,PathLength,9.281150607642582,9.281150607642582,69.22565841674805,"[[0.6291796587663371, -0.019316974226201426, 0.034181329349959697, -1.9436012222141201, 0.43125168091770977, 1.938873926282423, -1.4136313279050623], [0.681193179547531, -0.11209523556595183, 0.09502476197392662, -1.7956857970062134, -0.026892434382211117, 1.841576433250328, -1.2894864700953215], [0.733206700328725, -0.20487349690570225, 0.15586819459789353, -1.6477703717983068, -0.485036549682132, 1.7442789402182326, -1.1653416122855806], [0.785220221109919, -0.29765175824545265, 0.2167116272218605, -1.4998549465903999, -0.9431806649820529, 1.6469814471861373, -1.04119675447584], [0.8372337418911129, -0.39043001958520307, 0.2775550598458274, -1.3519395213824932, -1.4013247802819737, 1.5496839541540421, -0.9170518966660992], [0.7714952962653248, -0.38603194834809923, 0.5936904566323817, -1.4702992357668923, -1.5616294667216162, 1.441815086563492, -0.7420362039121198], [0.7057568506395367, -0.3816338771109954, 0.9098258534189361, -1.5886589501512913, -1.7219341531612586, 1.333946218972942, -0.5670205111581403], [0.6400184050137486, -0.3772358058738916, 1.2259612502054904, -1.7070186645356906, -1.8822388396009013, 1.226077351382392, -0.3920048184041609], [0.5742799593879606, -0.37283773463678777, 1.5420966469920447, -1.8253783789200897, -2.042543526040544, 1.118208483791842, -0.21698912565018147], [0.5085415137621725, -0.3684396633996839, 1.858232043778599, -1.9437380933044888, -2.2028482124801863, 1.0103396162012919, -0.041973432896202034], [0.4428030681363844, -0.3640415921625801, 2.1743674405651534, -2.062097807688888, -2.3631528989198287, 0.9024707486107418, 0.1330422598577774], [0.6161927802966047, -0.2155402579262261, 2.152729420392522, -1.9221991586739637, -2.1619254091282984, 1.158127193332812, 0.22385019074755225], [0.7895824924568251, -0.06703892368987213, 2.1310914002198906, -1.7823005096590396, -1.9606979193367682, 1.4137836380548823, 0.3146581216373271], [0.9629722046170455, 0.0814624105464819, 2.109453380047259, -1.6424018606441155, -1.759470429545238, 1.6694400827769527, 0.405466052527102], [1.1363619167772658, 0.22996374478283582, 2.0878153598746274, -1.5025032116291914, -1.5582429397537076, 1.925096527499023, 0.49627398341687684], [1.3097516289374862, 0.37846507901918996, 2.066177339701996, -1.362604562614267, -1.3570154499621772, 2.1807529722210934, 0.5870819143066517], [1.4831413410977066, 0.5269664132555438, 2.0445393195293646, -1.222705913599343, -1.1557879601706469, 2.436409416943164, 0.6778898451964266], [1.2223679961251057, 0.48908960228572623, 1.6343386780514477, -1.6047011179276924, -0.9651463586246039, 2.485379323810623, 0.8506518697801351], [0.9615946511525046, 0.45121279131590863, 1.2241380365735308, -1.986696322256042, -0.7745047570785609, 2.5343492306780826, 1.0234138943638436], [0.7008213061799037, 0.41333598034609104, 0.8139373950956136, -2.3686915265843917, -0.5838631555325179, 2.583319137545542, 1.1961759189475523]]",844.8351857662201,2.6627001762390137,23.652904510498047
6,rrtstar,PathLength,4.408047118970356,4.408047118970356,66.41121196746826,"[[0.6291796587663371, -0.019316974226201426, 0.034181329349959697, -1.9436012222141201, 0.43125168091770977, 1.938873926282423, -1.4136313279050623], [0.6240958462921794, 0.013262001182768858, 0.1499587987415023, -1.8622296810662342, 0.3652565695829702, 1.9797420037770541, -1.2742567269372316], [0.6190120338180217, 0.04584097659173914, 0.2657362681330449, -1.7808581399183483, 0.29926145824823064, 2.0206100812716854, -1.1348821259694009], [0.6139282213438642, 0.07841995200070942, 0.3815137375245875, -1.6994865987704622, 0.23326634691349105, 2.0614781587663167, -0.9955075250015699], [0.6088444088697065, 0.1109989274096797, 0.4972912069161301, -1.6181150576225762, 0.1672712355787515, 2.1023462362609475, -0.8561329240337392], [0.6037605963955488, 0.14357790281865, 0.6130686763076727, -1.5367435164746903, 0.10127612424401189, 2.143214313755579, -0.7167583230659083], [0.5986767839213911, 0.17615687822762027, 0.7288461456992152, -1.4553719753268042, 0.035281012909272325, 2.18408239125021, -0.5773837220980775], [0.5935929714472334, 0.20873585363659058, 0.8446236150907579, -1.3740004341789183, -0.030714098425467296, 2.224950468744841, -0.4380091211302467], [0.5885091589730758, 0.24131482904556084, 0.9604010844823004, -1.2926288930310323, -0.09670920976020675, 2.265818546239472, -0.2986345201624161], [0.5834253464989181, 0.2738938044545311, 1.076178553873843, -1.2112573518831464, -0.16270432109494642, 2.3066866237341035, -0.15925991919458515], [0.5783415340247605, 0.3064727798635014, 1.1919560232653859, -1.1298858107352605, -0.228699432429686, 2.3475547012287348, -0.01988531822675421], [0.5732577215506028, 0.33905175527247167, 1.3077334926569284, -1.0485142695873746, -0.29469454376442555, 2.3884227787233656, 0.11948928274107629], [0.5681739090764452, 0.371630730681442, 1.423510962048471, -0.9671427284394885, -0.3606896550991651, 2.429290856217997, 0.2588638837089072], [0.5871235372340821, 0.37758862349067757, 1.3364290239123484, -1.1673639853173317, -0.39257158373250123, 2.451294896407646, 0.39276560302871366], [0.6060731653917191, 0.38354651629991315, 1.2493470857762259, -1.367585242195175, -0.42445351236583734, 2.4732989365972955, 0.5266673223485201], [0.625022793549356, 0.38950440910914874, 1.1622651476401036, -1.5678064990730185, -0.45633544099917345, 2.495302976786945, 0.6605690416683265], [0.6439724217069929, 0.3954623019183843, 1.075183209503981, -1.7680277559508617, -0.48821736963250956, 2.517307016976594, 0.794470760988133], [0.6629220498646298, 0.40142019472761986, 0.9881012713678585, -1.9682490128287051, -0.5200992982658457, 2.5393110571662434, 0.9283724803079394], [0.6818716780222668, 0.40737808753685545, 0.9010193332317361, -2.1684702697065483, -0.5519812268991817, 2.5613150973558927, 1.0622741996277458], [0.7008213061799037, 0.41333598034609104, 0.8139373950956136, -2.3686915265843917, -0.5838631555325179, 2.583319137545542, 1.1961759189475523]]",915.440863609314,3.0645406246185303,27.52482271194458
7,rrtstar,PathLength,,,,,1123.0569472312927,3.4663784503936768,31.57643413543701
8,rrtstar,PathLength,7.337956988198507,7.337956988198507,38.58426237106323,"[[0.6291796587663371, -0.019316974226201426, 0.034181329349959697, -1.9436012222141201, 0.43125168091770977, 1.938873926282423, -1.4136313279050623], [0.7911026632500398, 0.05739962025566755, 0.2272937507403141, -1.876483294309057, 0.24997479694043323, 1.8335258968364403, -1.2758656734283205], [0.9530256677337423, 0.13411621473753652, 0.4204061721306685, -1.8093653664039941, 0.0686979129631567, 1.7281778673904575, -1.1381000189515784], [1.1149486722174449, 0.21083280921940548, 0.6135185935210228, -1.742247438498931, -0.11257897101411979, 1.6228298379444748, -1.0003343644748366], [1.2768716767011474, 0.28754940370127446, 0.8066310149113772, -1.6751295105938682, -0.2938558549913964, 1.5174818084984918, -0.8625687099980947], [1.4387946811848502, 0.3642659981831435, 0.9997434363017317, -1.608011582688805, -0.475132738968673, 1.412133779052509, -0.7248030555213527], [1.6007176856685528, 0.4409825926650124, 1.192855857692086, -1.5408936547837422, -0.6564096229459493, 1.3067857496065263, -0.5870374010446109], [1.7626406901522556, 0.5176991871468815, 1.3859682790824406, -1.473775726878679, -0.837686506923226, 1.2014377201605435, -0.44927174656786895], [1.7473517902466356, 0.3550563702022278, 1.4323199076163444, -1.5104888920779562, -0.9722076976552014, 1.3714994311844415, -0.2050568664428601], [1.7320628903410156, 0.1924135532575741, 1.4786715361502483, -1.5472020572772334, -1.106728888387177, 1.5415611422083395, 0.03915801368214877], [1.7167739904353956, 0.02977073631292043, 1.525023164684152, -1.5839152224765105, -1.2412500791191525, 1.7116228532322375, 0.2833728938071576], [1.7014850905297756, -0.13287208063173328, 1.5713747932180557, -1.6206283876757877, -1.375771269851128, 1.8816845642561355, 0.5275877739321665], [1.6861961906241556, -0.29551489757638705, 1.6177264217519596, -1.6573415528750648, -1.5102924605831034, 2.0517462752800335, 0.7718026540571755], [1.6709072907185356, -0.4581577145210406, 1.6640780502858634, -1.694054718074342, -1.6448136513150788, 2.2218079863039315, 1.016017534182184], [1.6556183908129156, -0.6208005314656944, 1.7104296788197673, -1.730767883273619, -1.7793348420470545, 2.3918696973278295, 1.2602324143071932], [1.4646589738863132, -0.4139732291033373, 1.5311312220749365, -1.8583526119357736, -1.5402405047441472, 2.430159585371372, 1.247421115235265], [1.273699556959711, -0.2071459267409802, 1.3518327653301059, -1.9859373405979281, -1.3011461674412397, 2.4684494734149145, 1.2346098161633368], [1.0827401400331085, -0.00031862437862317794, 1.172534308585275, -2.1135220692600827, -1.0620518301383326, 2.506739361458457, 1.2217985170914087], [0.891780723106506, 0.20650867798373396, 0.9932358518404443, -2.241106797922237, -0.8229574928354251, 2.5450292495019995, 1.2089872180194805], [0.7008213061799037, 0.41333598034609104, 0.8139373950956136, -2.3686915265843917, -0.5838631555325179, 2.583319137545542, 1.1961759189475523]]",1165.9550745487213,3.858443260192871,35.55362892150879
9,rrtstar,PathLength,4.260663330782768,4.260663330782768,67.46566939353943,"[[0.6291796587663371, -0.019316974226201426, 0.034181329349959697, -1.9436012222141201, 0.43125168091770977, 1.938873926282423, -1.4136313279050623], [0.5985994213359132, 0.014724542896373087, 0.10743798593253696, -1.930689831478262, 0.2895498351411878, 2.0211888312114463, -1.3037157031515743], [0.5680191839054891, 0.0487660600189476, 0.18069464251511425, -1.9177784407424034, 0.14784798936466587, 2.10350373614047, -1.193800078398086], [0.5374389464750651, 0.08280757714152212, 0.25395129909769154, -1.9048670500065452, 0.00614614358814386, 2.185818641069493, -1.0838844536445977], [0.5068587090446411, 0.11684909426409662, 0.3272079556802688, -1.891955659270687, -0.13555570218837804, 2.2681335459985164, -0.9739688288911097], [0.47627847161421716, 0.15089061138667115, 0.40046461226284613, -1.8790442685348285, -0.27725754796490015, 2.3504484509275394, -0.8640532041376215], [0.4456982341837932, 0.18493212850924565, 0.47372126884542337, -1.8661328777989703, -0.41895939374142205, 2.432763355856563, -0.7541375793841334], [0.4151179967533692, 0.21897364563182017, 0.5469779254280006, -1.853221487063112, -0.560661239517944, 2.515078260785586, -0.6442219546306452], [0.3845377593229452, 0.2530151627543947, 0.6202345820105778, -1.8403100963272536, -0.7023630852944658, 2.5973931657146094, -0.5343063298771571], [0.3539575218925212, 0.2870566798769692, 0.6934912385931552, -1.8273987055913954, -0.8440649310709878, 2.679708070643633, -0.42439070512366894], [0.32337728446209724, 0.32109819699954373, 0.7667478951757325, -1.8144873148555372, -0.98576677684751, 2.762022975572656, -0.3144750803701808], [0.29279704703167325, 0.3551397141221182, 0.8400045517583097, -1.8015759241196787, -1.1274686226240318, 2.844337880501679, -0.20455945561669275], [0.26221680960124927, 0.3891812312446927, 0.913261208340887, -1.7886645333838205, -1.2691704684005538, 2.9266527854307025, -0.09464383086320449], [0.32487459482677133, 0.39263190968774964, 0.8990720921629908, -1.8715255324124735, -1.17126942370512, 2.8776051214471083, 0.08975899053833217], [0.3875323800522934, 0.39608258813080655, 0.8848829759850946, -1.9543865314411266, -1.0733683790096864, 2.8285574574635137, 0.2741618119398688], [0.4501901652778154, 0.39953326657386345, 0.8706938598071984, -2.0372475304697795, -0.9754673343142527, 2.7795097934799196, 0.4585646333414055], [0.5128479505033374, 0.4029839450169203, 0.8565047436293022, -2.1201085294984328, -0.877566289618819, 2.730462129496325, 0.6429674547429421], [0.5755057357288595, 0.4064346234599772, 0.842315627451406, -2.2029695285270856, -0.7796652449233853, 2.6814144655127308, 0.8273702761444789], [0.6381635209543817, 0.4098853019030341, 0.8281265112735098, -2.2858305275557385, -0.6817642002279516, 2.6323668015291366, 1.0117730975460155], [0.7008213061799037, 0.41333598034609104, 0.8139373950956136, -2.3686915265843917, -0.5838631555325179, 2.583319137545542, 1.1961759189475523]]",1237.8707957267761,4.2405686378479,39.68681287765503
0,rrtstar,PathLength,10.098174034015175,10.098174034015175,41.63944387435913,"[[0.6291796587663371, -0.019316974226201426, 0.034181329349959697, -1.9436012222141201, 0.43125168091770977, 1.938873926282423, -1.4136313279050623], [0.2522577398212618, 0.0041497927170374115, 0.17710759736833315, -1.7245786452638256, 0.4090072403646287, 1.9044919160721274, -1.1780235414779572], [-0.12466417912381345, 0.02761655966027625, 0.3200338653867066, -1.5055560683135314, 0.3867627998115476, 1.8701099058618316, -0.942415755050852], [-0.5015860980688885, 0.05108332660351508, 0.46296013340507997, -1.2865334913632371, 0.36451835925846654, 1.835727895651536, -0.7068079686237468], [-0.878508017013964, 0.07455009354675393, 0.6058864014234534, -1.0675109144129427, 0.3422739187053855, 1.80134588544124, -0.4712001821966416], [-1.255429935959039, 0.09801686048999275, 0.7488126694418268, -0.8484883374626484, 0.3200294781523044, 1.7669638752309444, -0.2355923957695365], [-1.0900895881332644, -0.02495450986260858, 1.0667739823743652, -0.8005364408120679, 0.0036412670546983605, 1.916060511109188, -0.2313356586569934], [-0.9247492403074897, -0.14792588021520992, 1.3847352953069036, -0.7525845441614875, -0.3127469440429077, 2.0651571469874317, -0.22707892154445028], [-0.7594088924817151, -0.2708972505678112, 1.702696608239442, -0.7046326475109069, -0.6291351551405137, 2.214253782865675, -0.22282218443190718], [-0.5940685446559404, -0.3938686209204126, 2.0206579211719804, -0.6566807508603265, -0.9455233662381198, 2.3633504187439187, -0.21856544731936406], [-0.4287281968301657, -0.5168399912730139, 2.338619234104519, -0.608728854209746, -1.261911577335726, 2.5124470546221622, -0.21430871020682096], [-0.4860580806681511, -0.503023053969711, 2.2312709078237605, -0.9391791932606823, -1.3673322808343549, 2.4695389533995318, 0.14770545149705222], [-0.5433879645061365, -0.4892061166664082, 2.123922581543002, -1.2696295323116185, -1.4727529843329838, 2.4266308521769013, 0.5097196132009254], [-0.6007178483441218, -0.47538917936310526, 2.0165742552622437, -1.6000798713625546, -1.578173687831613, 2.3837227509542704, 0.8717337749047985], [-0.6580477321821072, -0.4615722420598024, 1.909225928981485, -1.9305302104134912, -1.683594391330242, 2.34081464973164, 1.2337479366086717], [-0.7153776160200925, -0.4477553047564995, 1.8018776027007266, -2.2609805494644273, -1.789015094828871, 2.2979065485090095, 1.595762098312545], [-0.3613278854700935, -0.23248248348085188, 1.5548925507994484, -2.2879082937444184, -1.4877271100047826, 2.3692596957681427, 1.4958655534712968], [-0.007278154920094426, -0.017209662205204257, 1.30790749889817, -2.3148360380244095, -1.1864391251806945, 2.4406128430272758, 1.3959690086300487], [0.3467715756299047, 0.19806315907044336, 1.0609224469968919, -2.3417637823044006, -0.8851511403566062, 2.511965990286409, 1.2960724637888004], [0.7008213061799037, 0.41333598034609104, 0.8139373950956136, -2.3686915265843917, -0.5838631555325179, 2.583319137545542, 1.1961759189475523]]",1283.699150800705,4.645129442214966,43.522446155548096
1,rrtstar,PathLength,4.860583341446303,4.860583341446303,70.53043484687805,"[[0.6291796587663371, -0.019316974226201426, 0.034181329349959697, -1.9436012222141201, 0.43125168091770977, 1.938873926282423, -1.4136313279050623], [0.7174760522400441, -0.06983865813032497, -0.042116485134550546, -1.9783676303817352, 0.383275773421858, 2.0126359192315126, -1.2395809902809074], [0.8057724457137512, -0.12036034203444851, -0.11841429961906079, -2.0131340385493504, 0.33529986592600614, 2.086397912180602, -1.0655306526567525], [0.8940688391874582, -0.17088202593857205, -0.19471211410357098, -2.0479004467169655, 0.28732395843015435, 2.160159905129692, -0.8914803150325975], [0.9823652326611652, -0.2214037098426956, -0.27100992858808126, -2.0826668548845806, 0.23934805093430253, 2.2339218980787816, -0.7174299774084425], [1.0706616261348723, -0.2719253937468191, -0.3473077430725915, -2.1174332630521957, 0.19137214343845074, 2.307683891027871, -0.5433796397842876], [1.1589580196085794, -0.32244707765094266, -0.42360555755710166, -2.152199671219811, 0.14339623594259893, 2.3814458839769603, -0.3693293021601327], [1.2472544130822862, -0.37296876155506625, -0.499903372041612, -2.186966079387426, 0.09542032844674714, 2.45520787692605, -0.19527896453597782], [1.3355508065559933, -0.4234904454591898, -0.5762011865261223, -2.221732487555041, 0.047444420950895294, 2.52896986987514, -0.0212286269118227], [1.4238472000297004, -0.47401212936331333, -0.6524990010106325, -2.256498895722656, -0.0005314865449565498, 2.6027318628242293, 0.1528217107123322], [1.5121435935034073, -0.5245338132674368, -0.7287968154951427, -2.2912653038902713, -0.04850739404080828, 2.6764938557733187, 0.3268720483364871], [1.6004399869771144, -0.5750554971715603, -0.805094629979653, -2.3260317120578864, -0.09648330153666013, 2.7502558487224085, 0.500922385960642], [1.487987651877463, -0.45150656248185395, -0.6027156268452447, -2.3313641888736996, -0.15740578328614235, 2.7293887598253, 0.5878290775840058], [1.3755353167778117, -0.3279576277921475, -0.40033662371083634, -2.3366966656895127, -0.21832826503562458, 2.708521670928192, 0.6747357692073696], [1.2630829816781604, -0.20440869310244103, -0.19795762057642807, -2.342029142505326, -0.27925074678510675, 2.6876545820310835, 0.7616424608307333], [1.150630646578509, -0.08085975841273463, 0.004421382557980302, -2.347361619321139, -0.340173228534589, 2.6667874931339752, 0.8485491524540971], [1.0381783114788576, 0.042689176276971774, 0.20680038569238868, -2.3526940961369522, -0.4010957102840712, 2.645920404236867, 0.935455844077461], [0.9257259763792064, 0.1662381109666783, 0.40917938882679683, -2.3580265729527654, -0.46201819203355343, 2.6250533153397586, 1.0223625357008248], [0.813273641279555, 0.2897870456563847, 0.6115583919612052, -2.3633590497685786, -0.5229406737830357, 2.6041862264426503, 1.1092692273241884], [0.7008213061799037, 0.41333598034609104, 0.8139373950956136, -2.3686915265843917, -0.5838631555325179, 2.583319137545542, 1.1961759189475523]]",1358.3622543811798,5.096069812774658,47.29454445838928
2,rrtstar,PathLength,4.575704136548957,4.575704136548957,138.0845010280609,"[[0.6291796587663371, -0.019316974226201426, 0.034181329349959697, -1.9436012222141201, 0.43125168091770977, 1.938873926282423, -1.4136313279050623], [0.6341943367418594, -0.03270728784275667, 0.060695482335047124, -1.8634686974815624, 0.2874683247717529, 1.92118212083346, -1.2490121619467853], [0.6392090147173819, -0.04609760145931191, 0.08720963532013457, -1.7833361727490047, 0.14368496862579605, 1.9034903153844973, -1.0843929959885084], [0.6442236926929042, -0.05948791507586715, 0.11372378830522198, -1.7032036480164472, -9.838752016072538e-05, 1.8857985099355343, -0.9197738300302314], [0.6492383706684267, -0.07287822869242239, 0.14023794129030942, -1.6230711232838895, -0.14388174366611767, 1.8681067044865713, -0.7551546640719543], [0.6542530486439491, -0.08626854230897762, 0.16675209427539683, -1.5429385985513318, -0.2876650998120744, 1.8504148990376086, -0.5905354981136773], [0.6592677266194715, -0.09965885592553286, 0.19326624726048425, -1.462806073818774, -0.4314484559580312, 1.8327230935886456, -0.4259163321554005], [0.6642824045949939, -0.1130491695420881, 0.21978040024557172, -1.3826735490862165, -0.5752318121039881, 1.8150312881396828, -0.2612971661971233], [0.6692970825705163, -0.12643948315864337, 0.24629455323065913, -1.3025410243536588, -0.719015168249945, 1.7973394826907199, -0.09667800023884632], [0.6743117605460387, -0.1398297967751986, 0.27280870621574654, -1.222408499621101, -0.8627985243959018, 1.7796476772417569, 0.06794116571943065], [0.6793264385215612, -0.15322011039175384, 0.299322859200834, -1.1422759748885434, -1.0065818805418585, 1.7619558717927941, 0.23256033167770762], [0.6843411164970835, -0.16661042400830908, 0.3258370121859214, -1.0621434501559857, -1.1503652366878154, 1.7442640663438311, 0.3971794976359846], [0.686401140207436, -0.09411712346400906, 0.38684956004963295, -1.2254619597095364, -1.0795524765434032, 1.849145950244045, 0.49705405029993055], [0.6884611639177886, -0.021623822919709046, 0.44786210791334446, -1.3887804692630872, -1.008739716398991, 1.954027834144259, 0.5969286029638765], [0.6905211876281411, 0.05086947762459096, 0.508874655777056, -1.552098978816638, -0.9379269562545789, 2.0589097180444726, 0.6968031556278225], [0.6925812113384936, 0.12336277816889099, 0.5698872036407675, -1.7154174883701887, -0.8671141961101667, 2.163791601944687, 0.7966777082917684], [0.6946412350488461, 0.19585607871319102, 0.630899751504479, -1.8787359979237395, -0.7963014359657545, 2.2686734858449005, 0.8965522609557144], [0.6967012587591986, 0.268349379257491, 0.6919122993681905, -2.0420545074772902, -0.7254886758213422, 2.373555369745114, 0.9964268136196603], [0.6987612824695512, 0.34084267980179106, 0.7529248472319021, -2.205373017030841, -0.6546759156769301, 2.4784372536453283, 1.0963013662836063], [0.7008213061799037, 0.41333598034609104, 0.8139373950956136, -2.3686915265843917, -0.5838631555325179, 2.583319137545542, 1.1961759189475523]]",1500.777741909027,5.491884708404541,51.3167941570282
3,rrtstar,PathLength,,,,,1711.6994197368622,5.906320571899414,56.23294019699097
4,rrtstar,PathLength,,,,,1918.4666748046875,6.305236577987671,60.08121204376221
0,rrtstar,PathLength,,,,,204.8488745689392,0.7024621963500977,3.2452526092529297
1,rrtstar,PathLength,,,,,411.5811216831207,1.1226446628570557,7.192286491394043
2,rrtstar,PathLength,5.4627956285766635,5.4627956285766635,19.574525833129883,"[[0.6291796587663371, -0.019316974226201426, 0.034181329349959697, -1.9436012222141201, 0.43125168091770977, 1.938873926282423, -1.4136313279050623], [0.6486430609499481, -0.11559501983132453, 0.14303309025729288, -1.9967946862742734, 0.5149275536986809, 1.8278906670271071, -1.2158065311560229], [0.668106463133559, -0.21187306543644763, 0.2518848511646261, -2.0499881503344266, 0.5986034264796521, 1.7169074077717914, -1.0179817344069837], [0.6875698653171699, -0.3081511110415707, 0.36073661207195934, -2.1031816143945794, 0.6822792992606233, 1.6059241485164755, -0.8201569376579444], [0.7070332675007809, -0.4044291566466938, 0.4695883729792925, -2.1563750784547326, 0.7659551720415945, 1.4949408892611595, -0.6223321409089051], [0.7264966696843919, -0.5007072022518169, 0.5784401338866257, -2.209568542514886, 0.8496310448225657, 1.3839576300058436, -0.4245073441598657], [0.7459600718680028, -0.59698524785694, 0.6872918947939589, -2.262762006575039, 0.9333069176035369, 1.2729743707505279, -0.2266825474108265], [0.7654234740516137, -0.6932632934620631, 0.7961436557012921, -2.315955470635192, 1.0169827903845081, 1.1619911114952122, -0.028857750661787085], [0.7848868762352247, -0.7895413390671862, 0.9049954166086253, -2.369148934695345, 1.1006586631654793, 1.0510078522398962, 0.1689670460872521], [0.8043502784188357, -0.8858193846723093, 1.0138471775159585, -2.4223423987554984, 1.1843345359464506, 0.9400245929845803, 0.3667918428362915], [0.7939837039182951, -0.7557322159505123, 0.9938297890687463, -2.4169702236884345, 1.0072811691063277, 1.1045711441007993, 0.44983982089142516], [0.7836171294177546, -0.6256450472287154, 0.9738124006215341, -2.41159804862137, 0.8302278022662049, 1.2691176952170182, 0.5328877989465588], [0.7732505549172141, -0.49555787850691835, 0.9537950121743218, -2.4062258735543063, 0.6531744354260821, 1.4336642463332372, 0.6159357770016924], [0.7628839804166735, -0.3654707097851214, 0.9337776237271096, -2.4008536984872424, 0.47612106858595926, 1.5982107974494562, 0.6989837550568261], [0.752517405916133, -0.23538354106332438, 0.9137602352798972, -2.395481523420178, 0.2990677017458364, 1.7627573485656756, 0.78203173311196], [0.7421508314155925, -0.10529637234152744, 0.893742846832685, -2.390109348353114, 0.12201433490571367, 1.9273038996818943, 0.8650797111670935], [0.7317842569150519, 0.024790796380269486, 0.8737254583854728, -2.3847371732860503, -0.05503903193440918, 2.0918504507981135, 0.9481276892222272], [0.7214176824145114, 0.15487796510206642, 0.8537080699382605, -2.379364998218986, -0.23209239877453203, 2.2563970019143325, 1.0311756672773607], [0.7110511079139709, 0.28496513382386346, 0.8336906814910483, -2.373992823151922, -0.4091457656146549, 2.4209435530305514, 1.1142236453324945], [0.7008213061799037, 0.41333598034609104, 0.8139373950956136, -2.3686915265843917, -0.5838631555325179, 2.583319137545542, 1.1961759189475523]]",435.60682225227356,1.5395243167877197,11.274982690811157
3,rrtstar,PathLength,6.341387045465303,6.341387045465303,62.68706679344177,"[[0.6291796587663371, -0.019316974226201426, 0.034181329349959697, -1.9436012222141201, 0.43125168091770977, 1.938873926282423, -1.4136313279050623], [0.4616054734003362, -0.0948436672695129, 0.11134090889969715, -1.856278147210822, 0.5182833181429832, 2.013673588000401, -1.203310649188858], [0.2940312880343353, -0.1703703603128244, 0.18850048844943462, -1.768955072207524, 0.6053149553682566, 2.0884732497183793, -0.992989970472654], [0.12645710266833443, -0.24589705335613588, 0.2656600679991721, -1.6816319972042257, 0.6923465925935302, 2.163272911436357, -0.78266929175645], [-0.04111708269766645, -0.3214237463994474, 0.34281964754890953, -1.5943089222009277, 0.7793782298188037, 2.2380725731543354, -0.5723486130402458], [-0.20869126806366733, -0.3969504394427589, 0.419979227098647, -1.5069858471976296, 0.8664098670440771, 2.312872234872313, -0.36202793432404157], [-0.3762654534296682, -0.4724771324860703, 0.49713880664838445, -1.4196627721943313, 0.9534415042693505, 2.3876718965902914, -0.1517072556078376], [-0.5438396387956691, -0.5480038255293818, 0.5742983861981218, -1.3323396971910333, 1.040473141494624, 2.4624715583082697, 0.05861342310836659], [-0.71141382416167, -0.6235305185726933, 0.6514579657478593, -1.2450166221877352, 1.1275047787198975, 2.5372712200262475, 0.2689341018245708], [-0.5287204849497553, -0.5749695947775011, 0.7684091880014384, -1.3445934994270798, 0.9513590410726359, 2.587986163744349, 0.3777509364005026], [-0.34602714573784055, -0.5264086709823088, 0.8853604102550175, -1.4441703766664244, 0.7752133034253743, 2.6387011074624507, 0.48656777097643444], [-0.16333380652592588, -0.47784774718711664, 1.0023116325085968, -1.543747253905769, 0.5990675657781127, 2.6894160511805523, 0.5953846055523663], [0.01935953268598889, -0.4292868233919244, 1.119262854762176, -1.6433241311451137, 0.4229218281308511, 2.740130994898654, 0.7042014401282981], [0.20205287189790366, -0.3807258995967322, 1.236214077015755, -1.7429010083844583, 0.2467760904835895, 2.7908459386167555, 0.8130182747042299], [0.3847462111098182, -0.33216497580154003, 1.3531652992693342, -1.8424778856238029, 0.0706303528363279, 2.841560882334857, 0.9218351092801618], [0.567439550321733, -0.2836040520063478, 1.4701165215229133, -1.9420547628631475, -0.10551538481093381, 2.8922758260529586, 1.0306519438560935], [0.7501328895336478, -0.23504312821115558, 1.5870677437764924, -2.041631640102492, -0.2816611224581953, 2.9429907697710602, 1.1394687784320254], [0.7336956950823997, -0.018916758692073404, 1.3293576275495327, -2.1506516022631255, -0.3823951334829695, 2.8231002256958875, 1.1583711586038676], [0.7172585006311517, 0.19720961082700877, 1.0716475113225732, -2.2596715644237584, -0.4831291445077437, 2.7032096816207147, 1.17727353877571], [0.7008213061799037, 0.41333598034609104, 0.8139373950956136, -2.3686915265843917, -0.5838631555325179, 2.583319137545542, 1.1961759189475523]]",503.40293431282043,1.9476535320281982,16.040935516357422
4,rrtstar,PathLength,5.31259393691618,5.31259393691618,87.3047788143158,"[[0.6291796587663371, -0.019316974226201426, 0.034181329349959697, -1.9436012222141201, 0.43125168091770977, 1.938873926282423, -1.4136313279050623], [0.7014137807414151, 0.04802747009832387, 0.0677732394986425, -1.822048838424993, 0.2719711185533089, 2.042722890070262, -1.3412396623799128], [0.7736479027164932, 0.11537191442284916, 0.10136514964732532, -1.7004964546358663, 0.11269055618890805, 2.1465718538581005, -1.2688479968547632], [0.8458820246915713, 0.18271635874737446, 0.1349570597960081, -1.5789440708467393, -0.04659000617549275, 2.250420817645939, -1.1964563313296137], [0.9181161466666492, 0.25006080307189976, 0.16854896994469093, -1.4573916870576125, -0.20587056853989366, 2.3542697814337776, -1.124064665804464], [0.9903502686417274, 0.31740524739642506, 0.20214088009337372, -1.3358393032684854, -0.36515113090429446, 2.458118745221616, -1.0516730002793144], [1.0625843906168053, 0.38474969172095036, 0.2357327902420565, -1.2142869194793584, -0.5244316932686952, 2.561967709009455, -0.9792813347541649], [1.1348185125918833, 0.4520941360454756, 0.26932470039073936, -1.0927345356902316, -0.6837122556330961, 2.6658166727972934, -0.9068896692290154], [1.2070526345669614, 0.519438580370001, 0.3029166105394222, -0.9711821519011046, -0.842992817997497, 2.769665636585132, -0.8344980037038657], [1.2792867565420396, 0.5867830246945264, 0.336508520688105, -0.8496297681119775, -1.0022733803618977, 2.8735146003729706, -0.7621063381787162], [1.3515208785171176, 0.6541274690190516, 0.3701004308367878, -0.7280773843228507, -1.1615539427262986, 2.977363564160809, -0.6897146726535667], [1.2741774201366245, 0.625506508941176, 0.42285578404775787, -0.9230840771575818, -1.0928884552177844, 2.9305266520040743, -0.46555392830613596], [1.1968339617561312, 0.5968855488633005, 0.47561113725872795, -1.1180907699923128, -1.0242229677092702, 2.883689739847339, -0.24139318395870524], [1.1194905033756382, 0.5682645887854249, 0.5283664904696981, -1.3130974628270438, -0.955557480200756, 2.8368528276906035, -0.01723243961127452], [1.042147044995145, 0.5396436287075493, 0.5811218436806682, -1.508104155661775, -0.8868919926922418, 2.7900159155338686, 0.2069283047361562], [0.9648035866146519, 0.5110226686296737, 0.6338771968916382, -1.703110848496506, -0.8182265051837276, 2.7431790033771337, 0.4310890490835869], [0.8874601282341588, 0.48240170855179815, 0.6866325501026084, -1.898117541331237, -0.7495610176752134, 2.6963420912203984, 0.6552497934310176], [0.8101166698536657, 0.4537807484739226, 0.7393879033135784, -2.093124234165968, -0.6808955301666992, 2.649505179063663, 0.8794105377784484], [0.7327732114731725, 0.425159788396047, 0.7921432565245485, -2.288130927000699, -0.612230042658185, 2.602668266906928, 1.1035712821258792], [0.7008213061799037, 0.41333598034609104, 0.8139373950956136, -2.3686915265843917, -0.5838631555325179, 2.583319137545542, 1.1961759189475523]]",595.0809218883514,2.3547935485839844,20.071600675582886
